{"favorited": false, "quote_count": 0, "contributors": null, "truncated": false, "text": "lvl 5 raid! Hatches at 03:19:21pm (30m 29s). https://t.co/IxftpoUbFY", "possibly_sensitive": false, "is_quote_status": false, "in_reply_to_status_id": null, "reply_count": 0, "user": {"follow_request_sent": null, "profile_use_background_image": true, "default_profile_image": false, "id": 782621728920903680, "default_profile": true, "verified": false, "profile_image_url_https": "https://pbs.twimg.com/profile_images/888514807682486272/tM-cbSlH_normal.jpg", "profile_sidebar_fill_color": "DDEEF6", "profile_text_color": "333333", "followers_count": 127, "profile_sidebar_border_color": "C0DEED", "id_str": "782621728920903680", "profile_background_color": "F5F8FA", "listed_count": 0, "profile_background_image_url_https": "", "utc_offset": null, "statuses_count": 54166, "description": "Donations: http://paypal.me/vcpokescan  -- Discord:https://discord.gg/JstRv8v", "friends_count": 0, "location": "Oxnard, CA", "profile_link_color": "1DA1F2", "profile_image_url": "http://pbs.twimg.com/profile_images/888514807682486272/tM-cbSlH_normal.jpg", "following": null, "geo_enabled": false, "profile_background_image_url": "", "name": "PoGoOxnard", "lang": "en", "profile_background_tile": false, "favourites_count": 1, "screen_name": "PoGoOxnard", "notifications": null, "url": null, "created_at": "Sun Oct 02 16:42:15 +0000 2016", "contributors_enabled": false, "time_zone": null, "protected": false, "translator_type": "none", "is_translator": false}, "filter_level": "low", "geo": null, "id": 929481074845016065, "favorite_count": 0, "lang": "en", "entities": {"user_mentions": [], "symbols": [], "hashtags": [], "urls": [{"url": "https://t.co/IxftpoUbFY", "indices": [45, 68], "expanded_url": "http://maps.google.com/maps?q=34.214214,-119.146583", "display_url": "maps.google.com/maps?q=34.2142\u2026"}]}, "in_reply_to_user_id_str": null, "retweeted": false, "coordinates": null, "timestamp_ms": "1510440531823", "source": "<a href=\"http://www.google.com\" rel=\"nofollow\">PoGoOxnard</a>", "in_reply_to_status_id_str": null, "in_reply_to_screen_name": null, "id_str": "929481074845016065", "place": null, "retweet_count": 0, "created_at": "Sat Nov 11 22:48:51 +0000 2017", "in_reply_to_user_id": null}
